lr,delta,beta,lr_diff,factor_vae_eval_accuracy,mig_score
0.01,1.0,1.1e-05,500,0.9994,0.04585851884685869
0.01,0.5,1.1e-05,500,0.997,0.08538680184842841
0.01,0.1,1.1e-05,500,0.9998,0.042174396916472796
0.01,0.0001,1.1e-05,500,0.9936,0.03225477179040289
0.01,1e-05,1.1e-05,500,0.971,0.04362840340253073
