lr,delta,beta,lr_diff,factor_vae_eval_accuracy,mig_score
0.01,0.5,1e-05,500,1.0,0.07388908244266959
0.01,0.1,1e-05,500,0.997,0.02798413451393386
0.01,0.0001,1e-05,500,0.982,0.03339459483347717
0.01,1e-05,1e-05,500,0.8872,0.012503491462508927
